{
  "timestamp": "2026-05-15T17:26:43.464303",
  "n_games": 50,
  "metrics": {
    "dezenas": 15.0,
    "combinatorial": 25.0,
    "prize_coverage": 0.0,
    "diversity": 10.893193099854578,
    "anti_human": 0,
    "entropy": 4.99263668976055,
    "dezenas_cobertas": 25,
    "coverage_pct": 1.0,
    "pares_cobertos": 300,
    "pair_coverage": 1.0,
    "trincas_cobertas": 2300,
    "triple_coverage": 1.0,
    "avg_11_points": 0,
    "avg_12_points": 0,
    "avg_13_points": 0,
    "avg_14_points": 0.0
  },
  "top_dezenas": [
    25,
    10,
    5,
    17,
    18
  ],
  "bottom_dezenas": [
    9,
    1,
    11,
    23,
    3
  ],
  "games": [
    [
      1,
      2,
      3,
      4,
      5,
      6,
      7,
      8,
      9,
      15,
      16,
      17,
      20,
      24,
      25
    ],
    [
      5,
      6,
      8,
      11,
      14,
      16,
      17,
      18,
      19,
      20,
      21,
      22,
      23,
      24,
      25
    ],
    [
      4,
      5,
      6,
      7,
      8,
      9,
      10,
      11,
      13,
      14,
      15,
      16,
      18,
      21,
      22
    ],
    [
      1,
      3,
      5,
      6,
      9,
      12,
      13,
      15,
      17,
      18,
      19,
      20,
      21,
      23,
      25
    ],
    [
      1,
      2,
      4,
      6,
      8,
      10,
      14,
      15,
      16,
      18,
      19,
      20,
      21,
      22,
      25
    ],
    [
      1,
      2,
      4,
      5,
      10,
      11,
      13,
      14,
      15,
      16,
      21,
      22,
      23,
      24,
      25
    ],
    [
      1,
      2,
      3,
      4,
      5,
      6,
      7,
      8,
      9,
      10,
      12,
      13,
      17,
      19,
      20
    ],
    [
      2,
      3,
      4,
      7,
      8,
      9,
      13,
      14,
      16,
      17,
      18,
      19,
      22,
      23,
      24
    ],
    [
      1,
      2,
      3,
      5,
      7,
      9,
      10,
      11,
      13,
      15,
      16,
      17,
      18,
      19,
      23
    ],
    [
      2,
      3,
      4,
      5,
      6,
      8,
      11,
      12,
      13,
      14,
      15,
      16,
      17,
      18,
      24
    ],
    [
      1,
      5,
      6,
      7,
      8,
      9,
      10,
      11,
      13,
      14,
      15,
      16,
      21,
      23,
      25
    ],
    [
      1,
      6,
      9,
      10,
      11,
      12,
      13,
      14,
      15,
      16,
      17,
      18,
      20,
      23,
      24
    ],
    [
      4,
      5,
      6,
      7,
      10,
      11,
      12,
      14,
      15,
      16,
      17,
      18,
      19,
      20,
      22
    ],
    [
      1,
      2,
      3,
      4,
      5,
      6,
      8,
      10,
      12,
      14,
      15,
      18,
      21,
      24,
      25
    ],
    [
      3,
      7,
      9,
      11,
      12,
      15,
      16,
      17,
      18,
      19,
      21,
      22,
      23,
      24,
      25
    ],
    [
      4,
      5,
      6,
      7,
      8,
      10,
      13,
      15,
      16,
      17,
      21,
      22,
      23,
      24,
      25
    ],
    [
      1,
      5,
      7,
      8,
      9,
      10,
      11,
      13,
      14,
      16,
      17,
      18,
      19,
      20,
      22
    ],
    [
      1,
      2,
      4,
      6,
      7,
      8,
      10,
      12,
      13,
      14,
      20,
      22,
      23,
      24,
      25
    ],
    [
      1,
      2,
      3,
      4,
      5,
      7,
      12,
      14,
      16,
      17,
      18,
      19,
      21,
      23,
      25
    ],
    [
      1,
      4,
      5,
      11,
      12,
      14,
      15,
      17,
      18,
      19,
      20,
      21,
      23,
      24,
      25
    ],
    [
      1,
      3,
      4,
      5,
      7,
      8,
      10,
      11,
      12,
      13,
      14,
      15,
      19,
      21,
      22
    ],
    [
      6,
      7,
      8,
      10,
      12,
      13,
      15,
      16,
      17,
      18,
      20,
      21,
      22,
      24,
      25
    ],
    [
      3,
      4,
      6,
      7,
      8,
      9,
      10,
      11,
      12,
      15,
      19,
      20,
      21,
      24,
      25
    ],
    [
      2,
      3,
      4,
      6,
      7,
      8,
      9,
      10,
      12,
      15,
      16,
      17,
      18,
      19,
      20
    ],
    [
      2,
      3,
      5,
      6,
      8,
      9,
      10,
      13,
      16,
      18,
      19,
      20,
      21,
      22,
      24
    ],
    [
      1,
      2,
      3,
      6,
      7,
      9,
      11,
      12,
      13,
      14,
      16,
      21,
      22,
      24,
      25
    ],
    [
      1,
      2,
      3,
      5,
      8,
      10,
      11,
      13,
      14,
      15,
      17,
      18,
      20,
      21,
      25
    ],
    [
      2,
      4,
      5,
      10,
      14,
      16,
      17,
      18,
      19,
      20,
      21,
      22,
      23,
      24,
      25
    ],
    [
      2,
      3,
      5,
      7,
      11,
      12,
      13,
      16,
      17,
      18,
      19,
      20,
      21,
      23,
      24
    ],
    [
      1,
      3,
      4,
      5,
      6,
      7,
      10,
      12,
      14,
      16,
      17,
      18,
      20,
      23,
      25
    ],
    [
      4,
      6,
      7,
      9,
      10,
      12,
      14,
      16,
      17,
      18,
      19,
      20,
      23,
      24,
      25
    ],
    [
      2,
      3,
      5,
      7,
      9,
      10,
      11,
      14,
      15,
      17,
      19,
      20,
      22,
      23,
      25
    ],
    [
      1,
      2,
      3,
      4,
      5,
      6,
      7,
      10,
      12,
      15,
      16,
      17,
      18,
      19,
      21
    ],
    [
      1,
      2,
      3,
      4,
      5,
      6,
      7,
      8,
      9,
      10,
      13,
      19,
      21,
      22,
      25
    ],
    [
      2,
      3,
      4,
      5,
      6,
      11,
      12,
      17,
      18,
      20,
      21,
      22,
      23,
      24,
      25
    ],
    [
      3,
      6,
      8,
      9,
      10,
      12,
      13,
      16,
      18,
      20,
      21,
      22,
      23,
      24,
      25
    ],
    [
      1,
      2,
      3,
      4,
      5,
      11,
      12,
      13,
      14,
      16,
      17,
      18,
      20,
      22,
      23
    ],
    [
      2,
      4,
      5,
      8,
      10,
      12,
      13,
      14,
      16,
      18,
      19,
      20,
      22,
      23,
      24
    ],
    [
      5,
      6,
      7,
      9,
      10,
      11,
      12,
      13,
      14,
      15,
      17,
      18,
      20,
      24,
      25
    ],
    [
      1,
      2,
      4,
      6,
      7,
      8,
      10,
      11,
      13,
      14,
      17,
      18,
      19,
      23,
      25
    ],
    [
      3,
      5,
      7,
      8,
      11,
      12,
      13,
      14,
      15,
      17,
      18,
      21,
      22,
      24,
      25
    ],
    [
      1,
      3,
      4,
      5,
      6,
      7,
      9,
      11,
      12,
      15,
      16,
      19,
      21,
      23,
      25
    ],
    [
      2,
      4,
      6,
      7,
      9,
      11,
      13,
      16,
      17,
      18,
      19,
      21,
      22,
      24,
      25
    ],
    [
      1,
      4,
      5,
      8,
      9,
      10,
      12,
      13,
      14,
      15,
      18,
      19,
      20,
      24,
      25
    ],
    [
      2,
      4,
      6,
      7,
      8,
      9,
      11,
      12,
      13,
      14,
      15,
      18,
      22,
      23,
      24
    ],
    [
      1,
      5,
      7,
      8,
      10,
      14,
      15,
      17,
      18,
      19,
      20,
      21,
      23,
      24,
      25
    ],
    [
      5,
      6,
      8,
      9,
      10,
      11,
      13,
      14,
      15,
      16,
      17,
      19,
      20,
      21,
