{
  "timestamp": "2026-05-15T18:05:32.061902",
  "n_games": 50,
  "metrics": {
    "dezenas": 15.0,
    "combinatorial": 25.0,
    "prize_coverage": 25,
    "diversity": 9.505773258951862,
    "anti_human": 0,
    "entropy": 4.989794209623827,
    "dezenas_cobertas": 25,
    "coverage_pct": 1.0,
    "pares_cobertos": 300,
    "pair_coverage": 1.0,
    "trincas_cobertas": 2300,
    "triple_coverage": 1.0,
    "avg_11_points": 4.4144,
    "avg_12_points": 0.8458,
    "avg_13_points": 0.0681,
    "avg_14_points": 0.0025
  },
  "top_dezenas": [
    18,
    9,
    22,
    17,
    21
  ],
  "bottom_dezenas": [
    2,
    8,
    12,
    14,
    13
  ],
  "games": [
    [
      2,
      3,
      6,
      7,
      8,
      9,
      10,
      11,
      12,
      16,
      17,
      18,
      19,
      21,
      22
    ],
    [
      1,
      2,
      3,
      4,
      5,
      6,
      7,
      9,
      13,
      14,
      16,
      18,
      20,
      23,
      24
    ],
    [
      2,
      5,
      10,
      12,
      13,
      14,
      15,
      16,
      17,
      18,
      20,
      21,
      22,
      24,
      25
    ],
    [
      3,
      4,
      6,
      7,
      9,
      11,
      14,
      15,
      16,
      20,
      21,
      22,
      23,
      24,
      25
    ],
    [
      1,
      2,
      3,
      5,
      6,
      8,
      9,
      10,
      15,
      18,
      21,
      22,
      23,
      24,
      25
    ],
    [
      4,
      6,
      9,
      11,
      12,
      13,
      15,
      16,
      17,
      18,
      19,
      21,
      22,
      24,
      25
    ],
    [
      1,
      3,
      6,
      7,
      8,
      11,
      12,
      14,
      15,
      16,
      18,
      20,
      21,
      24,
      25
    ],
    [
      4,
      5,
      7,
      8,
      9,
      12,
      14,
      16,
      17,
      18,
      20,
      21,
      22,
      23,
      25
    ],
    [
      1,
      2,
      6,
      8,
      9,
      11,
      12,
      13,
      15,
      17,
      18,
      21,
      22,
      24,
      25
    ],
    [
      1,
      2,
      6,
      7,
      8,
      9,
      10,
      11,
      13,
      14,
      15,
      17,
      19,
      20,
      24
    ],
    [
      1,
      3,
      4,
      5,
      6,
      7,
      12,
      16,
      17,
      19,
      20,
      21,
      23,
      24,
      25
    ],
    [
      2,
      3,
      5,
      6,
      7,
      8,
      9,
      10,
      11,
      14,
      18,
      20,
      22,
      23,
      25
    ],
    [
      3,
      4,
      7,
      8,
      10,
      11,
      12,
      14,
      15,
      17,
      18,
      19,
      21,
      22,
      24
    ],
    [
      1,
      2,
      3,
      4,
      10,
      11,
      12,
      13,
      14,
      16,
      17,
      19,
      22,
      23,
      25
    ],
    [
      2,
      5,
      10,
      12,
      13,
      14,
      16,
      17,
      18,
      19,
      20,
      21,
      23,
      24,
      25
    ],
    [
      1,
      4,
      6,
      9,
      10,
      11,
      12,
      13,
      14,
      15,
      18,
      19,
      22,
      23,
      25
    ],
    [
      1,
      3,
      6,
      7,
      10,
      11,
      14,
      15,
      16,
      17,
      18,
      19,
      21,
      24,
      25
    ],
    [
      1,
      2,
      4,
      6,
      7,
      8,
      9,
      13,
      17,
      19,
      21,
      22,
      23,
      24,
      25
    ],
    [
      1,
      2,
      3,
      4,
      5,
      6,
      9,
      11,
      14,
      18,
      20,
      21,
      22,
      23,
      25
    ],
    [
      2,
      3,
      4,
      5,
      6,
      7,
      10,
      11,
      14,
      15,
      16,
      17,
      21,
      22,
      25
    ],
    [
      1,
      2,
      4,
      7,
      8,
      9,
      11,
      14,
      16,
      17,
      18,
      20,
      22,
      24,
      25
    ],
    [
      1,
      2,
      3,
      4,
      7,
      8,
      9,
      13,
      16,
      17,
      19,
      20,
      21,
      22,
      23
    ],
    [
      1,
      4,
      5,
      6,
      7,
      9,
      10,
      11,
      14,
      15,
      16,
      19,
      20,
      22,
      23
    ],
    [
      1,
      3,
      7,
      9,
      10,
      11,
      13,
      17,
      19,
      20,
      21,
      22,
      23,
      24,
      25
    ],
    [
      1,
      3,
      4,
      5,
      7,
      8,
      10,
      12,
      16,
      17,
      18,
      19,
      21,
      22,
      24
    ],
    [
      1,
      3,
      4,
      5,
      6,
      10,
      13,
      14,
      15,
      17,
      19,
      21,
      22,
      23,
      24
    ],
    [
      1,
      3,
      4,
      5,
      6,
      7,
      9,
      10,
      12,
      15,
      16,
      17,
      18,
      20,
      21
    ],
    [
      2,
      4,
      7,
      8,
      10,
      11,
      12,
      14,
      15,
      17,
      18,
      19,
      22,
      23,
      24
    ],
    [
      3,
      5,
      6,
      7,
      8,
      12,
      15,
      17,
      18,
      19,
      20,
      21,
      22,
      23,
      24
    ],
    [
      1,
      3,
      4,
      5,
      8,
      10,
      13,
      14,
      16,
      17,
      18,
      19,
      23,
      24,
      25
    ],
    [
      2,
      4,
      5,
      8,
      9,
      12,
      13,
      14,
      15,
      17,
      18,
      19,
      21,
      23,
      25
    ],
    [
      1,
      2,
      3,
      4,
      5,
      6,
      11,
      12,
      13,
      16,
      19,
      21,
      22,
      23,
      24
    ],
    [
      2,
      3,
      5,
      6,
      8,
      9,
      11,
      13,
      14,
      17,
      18,
      20,
      21,
      22,
      24
    ],
    [
      1,
      3,
      4,
      7,
      9,
      10,
      11,
      12,
      13,
      16,
      17,
      19,
      21,
      23,
      24
    ],
    [
      2,
      3,
      5,
      6,
      7,
      9,
      10,
      13,
      14,
      17,
      18,
      19,
      22,
      23,
      24
    ],
    [
      1,
      3,
      5,
      9,
      10,
      11,
      12,
      15,
      16,
      18,
      21,
      22,
      23,
      24,
      25
    ],
    [
      2,
      3,
      4,
      5,
      6,
      7,
      9,
      11,
      12,
      13,
      16,
      17,
      20,
      21,
      23
    ],
    [
      1,
      2,
      3,
      6,
      7,
      8,
      9,
      10,
      12,
      14,
      15,
      17,
      21,
      22,
      23
    ],
    [
      3,
      4,
      5,
      6,
      7,
      9,
      10,
      13,
      14,
      15,
      16,
      17,
      20,
      21,
      25
    ],
    [
      1,
      5,
      6,
      8,
      11,
      13,
      14,
      15,
      16,
      18,
      19,
      20,
      22,
      24,
      25
    ],
    [
      1,
      4,
      5,
      8,
      11,
      15,
      16,
      17,
      18,
      19,
      20,
      21,
      22,
      23,
      24
    ],
    [
      1,
      2,
      4,
      5,
      6,
      7,
      9,
      10,
      12,
      13,
      14,
      20,
      21,
      22,
      23
    ],
    [
      2,
      3,
      4,
      6,
      8,
      9,
      10,
      13,
      14,
      17,
      18,
      19,
      20,
      21,
      24
    ],
    [
      1,
      3,
      5,
      6,
      7,
      8,
      9,
      13,
      15,
      16,
      17,
      18,
      20,
      21,
      25
    ],
    [
      1,
      2,
      3,
      4,
      7,
      8,
      9,
      12,
      13,
      16,
      18,
      20,
      21,
      22,
      24
    ],
    [
      3,
      4,
      5,
      7,
      9,
      13,
      15,
      16,
      17,
      18,
      21,
      22,
      23,
      24,
      25
    ],
    [
      1,
      4,
      5,
      7,
      9,
      11,
      15,
      18,
      19,
      20,
      21,
      22,
      23,
