{
  "timestamp": "2026-05-15T17:50:42.976793",
  "n_games": 50,
  "metrics": {
    "dezenas": 15.0,
    "combinatorial": 25.0,
    "prize_coverage": 0.0095,
    "diversity": 11.935488761693339,
    "anti_human": 0,
    "entropy": 4.995108229669452,
    "dezenas_cobertas": 25,
    "coverage_pct": 1.0,
    "pares_cobertos": 300,
    "pair_coverage": 1.0,
    "trincas_cobertas": 2300,
    "triple_coverage": 1.0,
    "avg_11_points": 0,
    "avg_12_points": 0,
    "avg_13_points": 0,
    "avg_14_points": 0.0019
  },
  "top_dezenas": [
    21,
    18,
    22,
    5,
    14
  ],
  "bottom_dezenas": [
    2,
    4,
    24,
    1,
    12
  ],
  "games": [
    [
      1,
      4,
      5,
      9,
      11,
      12,
      13,
      15,
      16,
      17,
      18,
      19,
      21,
      22,
      23
    ],
    [
      1,
      2,
      3,
      4,
      5,
      6,
      8,
      9,
      10,
      11,
      12,
      15,
      18,
      20,
      22
    ],
    [
      6,
      7,
      8,
      10,
      13,
      14,
      16,
      17,
      18,
      19,
      20,
      21,
      23,
      24,
      25
    ],
    [
      1,
      3,
      4,
      6,
      8,
      12,
      13,
      14,
      16,
      18,
      20,
      21,
      22,
      24,
      25
    ],
    [
      1,
      3,
      5,
      6,
      8,
      10,
      11,
      13,
      15,
      17,
      19,
      21,
      22,
      23,
      25
    ],
    [
      1,
      2,
      5,
      6,
      7,
      9,
      10,
      11,
      12,
      13,
      14,
      15,
      16,
      17,
      19
    ],
    [
      1,
      2,
      3,
      4,
      7,
      8,
      9,
      16,
      17,
      20,
      21,
      22,
      23,
      24,
      25
    ],
    [
      3,
      5,
      7,
      9,
      10,
      11,
      12,
      13,
      14,
      15,
      21,
      22,
      23,
      24,
      25
    ],
    [
      1,
      2,
      4,
      5,
      8,
      10,
      11,
      12,
      13,
      14,
      16,
      17,
      20,
      22,
      23
    ],
    [
      4,
      5,
      9,
      14,
      15,
      16,
      17,
      18,
      19,
      20,
      21,
      22,
      23,
      24,
      25
    ],
    [
      1,
      4,
      6,
      8,
      9,
      10,
      11,
      12,
      14,
      15,
      17,
      18,
      20,
      24,
      25
    ],
    [
      1,
      2,
      3,
      4,
      6,
      7,
      8,
      9,
      11,
      12,
      14,
      16,
      21,
      22,
      24
    ],
    [
      1,
      2,
      3,
      5,
      6,
      7,
      8,
      9,
      13,
      16,
      17,
      18,
      19,
      21,
      25
    ],
    [
      2,
      3,
      4,
      5,
      6,
      7,
      8,
      9,
      10,
      16,
      17,
      18,
      20,
      22,
      24
    ],
    [
      4,
      5,
      6,
      7,
      8,
      9,
      10,
      11,
      12,
      13,
      20,
      21,
      22,
      24,
      25
    ],
    [
      5,
      7,
      10,
      11,
      12,
      13,
      14,
      15,
      16,
      17,
      18,
      20,
      22,
      23,
      24
    ],
    [
      1,
      2,
      3,
      4,
      5,
      7,
      8,
      11,
      13,
      14,
      17,
      21,
      22,
      23,
      24
    ],
    [
      1,
      3,
      4,
      5,
      6,
      7,
      8,
      9,
      10,
      12,
      13,
      15,
      17,
      20,
      25
    ],
    [
      7,
      8,
      9,
      10,
      11,
      13,
      14,
      16,
      17,
      19,
      21,
      22,
      23,
      24,
      25
    ],
    [
      1,
      6,
      7,
      8,
      9,
      10,
      11,
      13,
      16,
      19,
      21,
      22,
      23,
      24,
      25
    ],
    [
      3,
      4,
      6,
      7,
      9,
      10,
      12,
      14,
      16,
      17,
      18,
      21,
      22,
      23,
      24
    ],
    [
      1,
      3,
      5,
      9,
      12,
      15,
      16,
      17,
      18,
      19,
      20,
      22,
      23,
      24,
      25
    ],
    [
      1,
      2,
      3,
      6,
      9,
      12,
      13,
      14,
      15,
      16,
      17,
      18,
      19,
      20,
      21
    ],
    [
      1,
      2,
      8,
      9,
      13,
      14,
      15,
      16,
      18,
      19,
      20,
      22,
      23,
      24,
      25
    ],
    [
      2,
      3,
      4,
      5,
      6,
      7,
      8,
      10,
      11,
      12,
      13,
      17,
      18,
      19,
      23
    ],
    [
      1,
      2,
      3,
      4,
      5,
      7,
      8,
      9,
      11,
      13,
      14,
      15,
      16,
      17,
      21
    ],
    [
      1,
      2,
      3,
      5,
      8,
      9,
      11,
      12,
      13,
      14,
      15,
      18,
      19,
      21,
      25
    ],
    [
      4,
      5,
      6,
      9,
      10,
      11,
      16,
      17,
      18,
      19,
      20,
      22,
      23,
      24,
      25
    ],
    [
      6,
      7,
      8,
      9,
      10,
      11,
      12,
      13,
      14,
      15,
      17,
      19,
      20,
      24,
      25
    ],
    [
      1,
      3,
      4,
      5,
      6,
      8,
      10,
      14,
      15,
      16,
      17,
      18,
      20,
      22,
      25
    ],
    [
      1,
      2,
      3,
      4,
      5,
      6,
      7,
      10,
      11,
      15,
      19,
      21,
      22,
      23,
      25
    ],
    [
      3,
      5,
      6,
      7,
      8,
      10,
      13,
      14,
      15,
      17,
      18,
      19,
      20,
      21,
      25
    ],
    [
      2,
      6,
      10,
      12,
      14,
      15,
      16,
      17,
      18,
      19,
      20,
      21,
      22,
      23,
      25
    ],
    [
      1,
      2,
      3,
      5,
      8,
      14,
      16,
      18,
      19,
      20,
      21,
      22,
      23,
      24,
      25
    ],
    [
      1,
      3,
      6,
      8,
      9,
      10,
      11,
      12,
      14,
      15,
      17,
      19,
      21,
      23,
      25
    ],
    [
      1,
      2,
      5,
      7,
      8,
      10,
      11,
      12,
      16,
      17,
      18,
      19,
      20,
      23,
      25
    ],
    [
      1,
      2,
      4,
      5,
      6,
      12,
      13,
      14,
      16,
      17,
      18,
      19,
      22,
      23,
      24
    ],
    [
      2,
      3,
      5,
      6,
      7,
      8,
      9,
      10,
      12,
      13,
      14,
      15,
      21,
      22,
      23
    ],
    [
      5,
      7,
      11,
      12,
      13,
      14,
      15,
      16,
      17,
      18,
      19,
      21,
      23,
      24,
      25
    ],
    [
      3,
      4,
      5,
      6,
      7,
      9,
      10,
      11,
      12,
      14,
      15,
      17,
      18,
      19,
      21
    ],
    [
      1,
      2,
      3,
      4,
      5,
      8,
      11,
      12,
      14,
      15,
      18,
      20,
      22,
      24,
      25
    ],
    [
      5,
      6,
      7,
      8,
      9,
      12,
      13,
      16,
      17,
      18,
      19,
      20,
      21,
      22,
      23
    ],
    [
      1,
      4,
      5,
      6,
      9,
      10,
      14,
      15,
      16,
      18,
      20,
      21,
      23,
      24,
      25
    ],
    [
      1,
      3,
      4,
      7,
      10,
      11,
      12,
      13,
      14,
      15,
      16,
      17,
      18,
      19,
      25
    ],
    [
      2,
      3,
      4,
      5,
      7,
      8,
      9,
      10,
      15,
      16,
      18,
      19,
      20,
      21,
      22
    ],
    [
      4,
      5,
      6,
      7,
      8,
      9,
      10,
      11,
      14,
      16,
      19,
      22,
      23,
      24,
      25
    ],
    [
      1,
      2,
      3,
      4,
      7,
      11,
      13,
      14,
      15,
      19,
      21,
      22,
      23,
