{
  "metrics": {
    "media_hits": 9.0052,
    "freq_11_plus": 0.10826666666666666,
    "freq_12_plus": 0.0176,
    "freq_13_plus": 0.0013333333333333333
  },
  "theoretical": {
    "media_hits": 9.0,
    "freq_11_plus": 0.10588908332211602,
    "freq_12_plus": 0.018195278943697303,
    "freq_13_plus": 0.0014916971573318326
  },
  "permutation_p": 0.0001,
  "metadata": {
    "avg_repeat_20": 8.9,
    "std_repeat_20": 1.0908712114635715,
    "avg_entropy_50": 1.6658414301366986,
    "avg_gap_20": 1.625,
    "std_gap_20": 0.09813308331452916,
    "avg_energy_20": 22.75,
    "std_pares_20": 0.9695359714832658,
    "n_contests": 3185
  },
  "current_regime": 3,
  "use_topology": false,
  "use_regime_models": false,
  "confidence_gate": 1.0,
  "bootstrap_ci": [
    269.408,
    270.92404999999997,
    270.15579519999994
  ],
  "distribution": {
    "0": 0,
    "1": 0,
    "2": 0,
    "3": 0,
    "4": 0,
    "5": 15,
    "6": 219,
    "7": 1344,
    "8": 3578,
    "9": 4692,
    "10": 3528,
    "11": 1360,
    "12": 244,
    "13": 19,
    "14": 1,
    "15": 0
  }
}