{
  "metrics": {
    "media_hits": 8.993733333333333,
    "freq_11_plus": 0.107,
    "freq_12_plus": 0.022133333333333335,
    "freq_13_plus": 0.0028
  },
  "theoretical": {
    "media_hits": 9.0,
    "freq_11_plus": 0.10588908332211602,
    "freq_12_plus": 0.018195278943697303,
    "freq_13_plus": 0.0014916971573318326
  },
  "permutation_p": 0.0001,
  "metadata": {
    "avg_repeat_20": 8.9,
    "std_repeat_20": 1.0908712114635715,
    "avg_entropy_50": 1.6658414301366986,
    "avg_gap_20": 1.625,
    "std_gap_20": 0.09813308331452916,
    "avg_energy_20": 22.75,
    "std_pares_20": 0.9695359714832658,
    "n_contests": 3185
  },
  "current_regime": 3,
  "use_topology": true,
  "use_regime_models": false,
  "confidence_gate": 100.0,
  "bootstrap_ci": [
    267.63984999999997,
    272.0121,
    269.830164
  ],
  "distribution": {
    "0": 0,
    "1": 0,
    "2": 0,
    "3": 0,
    "4": 0,
    "5": 17,
    "6": 262,
    "7": 1395,
    "8": 3497,
    "9": 4763,
    "10": 3461,
    "11": 1273,
    "12": 290,
    "13": 40,
    "14": 2,
    "15": 0
  }
}