{
  "metrics": {
    "media_hits": 9.013133333333334,
    "freq_11_plus": 0.102,
    "freq_12_plus": 0.0172,
    "freq_13_plus": 0.0016666666666666668
  },
  "theoretical": {
    "media_hits": 9.0,
    "freq_11_plus": 0.10588908332211602,
    "freq_12_plus": 0.018195278943697303,
    "freq_13_plus": 0.0014916971573318326
  },
  "permutation_p": 0.0001,
  "metadata": {
    "avg_repeat_20": 8.9,
    "std_repeat_20": 1.0908712114635715,
    "avg_entropy_50": 1.6658414301366986,
    "avg_gap_20": 1.625,
    "std_gap_20": 0.09813308331452916,
    "avg_energy_20": 22.75,
    "std_pares_20": 0.9695359714832658,
    "n_contests": 3185
  },
  "current_regime": 3,
  "use_topology": false,
  "use_regime_models": false,
  "confidence_gate": 100.0,
  "bootstrap_ci": [
    268.94595000000004,
    271.84805,
    270.3998148
  ],
  "distribution": {
    "0": 0,
    "1": 0,
    "2": 0,
    "3": 0,
    "4": 0,
    "5": 8,
    "6": 214,
    "7": 1285,
    "8": 3504,
    "9": 4857,
    "10": 3602,
    "11": 1272,
    "12": 233,
    "13": 25,
    "14": 0,
    "15": 0
  }
}