{
  "metrics": {
    "media_hits": 9.006,
    "freq_11_plus": 0.10455555555555555,
    "freq_12_plus": 0.019333333333333334,
    "freq_13_plus": 0.0017777777777777779
  },
  "theoretical": {
    "media_hits": 9.0,
    "freq_11_plus": 0.10588908332211602,
    "freq_12_plus": 0.018195278943697303,
    "freq_13_plus": 0.0014916971573318326
  },
  "distribution": {
    "0": 0,
    "1": 0,
    "2": 0,
    "3": 0,
    "4": 0,
    "5": 12,
    "6": 165,
    "7": 741,
    "8": 2076,
    "9": 2982,
    "10": 2083,
    "11": 767,
    "12": 158,
    "13": 16,
    "14": 0,
    "15": 0
  },
  "p_value": 0.4526,
  "zscore": 0.46475800154490765,
  "bootstrap": {
    "lower": 267.68991666666665,
    "upper": 272.72333333333336,
    "mean": 270.2064926666667
  }
}