{
  "features": [
    "rep_t-1",
    "delta_rep_t",
    "rep_t-2",
    "delta_rep_t-1",
    "rep_t-3",
    "acc_rep",
    "pares_t-1",
    "pares_t-2",
    "delta_pares",
    "moldura_t-1",
    "moldura_t-2",
    "delta_moldura",
    "soma_t-1",
    "soma_t-2",
    "delta_soma",
    "energia_t-1",
    "energia_t-2",
    "delta_energia",
    "streak_sem_9",
    "mean_reversion_9",
    "rep_x_pares",
    "rep_x_moldura",
    "rep_x_primos",
    "pares_x_soma",
    "primos_x_moldura",
    "rep_x_energia",
    "pares_x_moldura",
    "gap_medio",
    "gap_var",
    "gap_max",
    "gap_min",
    "energia_jogo",
    "avg_streak_dezenas",
    "max_streak_dezenas",
    "avg_ema",
    "max_ema",
    "avg_fadiga",
    "max_fadiga",
    "elasticidade",
    "abs_elasticidade",
    "entropia_rep",
    "entropia_conjunta",
    "entropia_transicao",
    "quadrantes",
    "consecutivos",
    "densidade_local",
    "assimetria",
    "clusterizacao",
    "mutual_information",
    "conditional_entropy",
    "pares_recente",
    "delta_pares_recente",
    "moldura_recente",
    "delta_moldura_recente",
    "soma_recente",
    "delta_soma_recente",
    "random_noise"
  ],
  "mean_rank": [
    39.31,
    37.05,
    34.61,
    34.31,
    36.5,
    35.14,
    35.19,
    36.07,
    33.72,
    34.18,
    34.48,
    35.67,
    34.64,
    30.87,
    35.26,
    34.33,
    33.62,
    34.79,
    30.99,
    32.84,
    34.42,
    32.36,
    32.84,
    30.41,
    28.02,
    28.64,
    28.7,
    31.92,
    28.39,
    26.56,
    27.62,
    26.73,
    25.04,
    25.32,
    25.67,
    24.66,
    23.77,
    24.83,
    22.33,
    19.46,
    22.07,
    20.03,
    15.99,
    15.96,
    14.19,
    12.13,
    9.39,
    6.52,
    6.78,
    4.87,
    17.28,
    36.18,
    47.91,
    44.74,
    19.7,
    31.0,
    30.0
  ],
  "std_rank": [
    11.201513290622836,
    13.241884307001028,
    12.820214506785758,
    12.628297589144786,
    13.672966027896068,
    13.615447109808771,
    12.675720886797723,
    12.456528408830447,
    13.831905147158869,
    13.617914671490642,
    13.061760983879624,
    13.098133454809505,
    14.10852224720931,
    13.587240337905264,
    12.522475793548177,
    13.52039570426842,
    13.885085523683316,
    12.417161511392209,
    14.933515995906655,
    12.704896693794876,
    13.792882222363822,
    14.414242956187463,
    14.40327740481312,
    14.32835998989417,
    16.0386907196317,
    13.214779604669918,
    13.695619737711764,
    14.914207991039953,
    15.213083185206077,
    15.798936673080249,
    13.147456027688397,
    13.265636057121425,
    14.135006190306392,
    15.126056987860387,
    15.026014108871317,
    15.635996930160863,
    14.24770507836262,
    15.252576831473426,
    13.798590507729404,
    12.808918767796131,
    15.614899935638393,
    15.444387330030287,
    12.729096590096255,
    12.89334712167481,
    13.662133801130775,
    14.14118453312876,
    10.755366102555506,
    8.005598041370805,
    11.168330224344196,
    10.378492183356887,
    23.923661927054567,
    23.305956320219966,
    13.076769478735946,
    8.260290551790538,
    2.551470164434616,
    0.0,
    0.0
  ],
  "survival": [
    0.0,
    0.01,
    0.02,
    0.05,
    0.04,
    0.02,
    0.01,
    0.0,
    0.02,
    0.04,
    0.02,
    0.02,
    0.03,
    0.04,
    0.0,
    0.02,
    0.07,
    0.0,
    0.09,
    0.01,
    0.06,
    0.07,
    0.06,
    0.04,
    0.13,
    0.07,
    0.06,
    0.07,
    0.12,
    0.14,
    0.11,
    0.08,
    0.16,
    0.16,
    0.15,
    0.2,
    0.21,
    0.14,
    0.21,
    0.27,
    0.24,
    0.3,
    0.41,
    0.42,
    0.53,
    0.66,
    0.74,
    0.85,
    0.85,
    0.93,
    0.68,
    0.3,
    0.07,
    0.0,
    0.0,
    0.0,
    0.0
  ]
}