{
  "avg_repeat_20": 0.11575693637132645,
  "std_repeat_20": 0.10614146292209625,
  "avg_entropy_50": 0.1343565285205841,
  "avg_gap_20": 0.1585531085729599,
  "std_gap_20": 0.12144916504621506,
  "avg_energy_20": 0.0,
  "std_pares_20": 0.3637428283691406
}